{"cameraMode":{"drawMode":0,"name":"Shaded","section":"Shading Mode"},"sceneLighting":true,"audioPlay":false,"sceneViewState":{"m_AlwaysRefresh":false,"showFog":true,"showSkybox":true,"showFlares":true,"showImageEffects":true,"showParticleSystems":true,"showVisualEffectGraphs":true,"m_FxEnabled":true},"in2DMode":false,"pivot":{"x":0.2635020911693573,"y":-0.4378993809223175,"z":0.11568734049797058},"rotation":{"x":-0.32269391417503359,"y":-0.036009322851896289,"z":0.012375242076814175,"w":-0.9457875490188599},"size":10.990715026855469,"orthographic":false}