{"cameraMode":{"drawMode":0,"name":"Shaded","section":"Shading Mode"},"sceneLighting":true,"audioPlay":false,"sceneViewState":{"m_AlwaysRefresh":false,"showFog":true,"showSkybox":true,"showFlares":true,"showImageEffects":true,"showParticleSystems":true,"showVisualEffectGraphs":true,"m_FxEnabled":true},"in2DMode":false,"pivot":{"x":-0.07767364382743836,"y":-0.40865710377693179,"z":-0.05092823877930641},"rotation":{"x":-0.19158530235290528,"y":0.16079656779766084,"z":-0.031135549768805505,"w":-0.967863917350769},"size":10.742429733276368,"orthographic":false}